"tpr","fpr",
0.0,0.0,
0.230111206159,0.0827765824935,
1.0,1.0,
