"tpr","fpr",
0.0,0.0,
0.138476755687,0.073875083949,
1.0,1.0,
