"tpr","fpr",
0.0,0.0,
0.1053355756,0.0899103787222,
1.0,1.0,
