"tpr","fpr",
0.0,0.0,
0.135128396909,0.0764735348138,
1.0,1.0,
